<?xml version="1.0" encoding="UTF-8"?>
<project-private xmlns="http://www.netbeans.org/ns/project-private/1">
    <editor-bookmarks xmlns="http://www.netbeans.org/ns/editor-bookmarks/2" lastBookmarkId="0"/>
    <open-files xmlns="http://www.netbeans.org/ns/projectui-open-files/2">
        <group>
            <file>file:/C:/Users/jamie/Downloads/PDCAssignmentPart2/src/part2/Cinema.java</file>
            <file>file:/C:/Users/jamie/Downloads/PDCAssignmentPart2/src/part2/SignInController.java</file>
            <file>file:/C:/Users/jamie/Downloads/PDCAssignmentPart2/src/part2/Membership.java</file>
            <file>file:/C:/Users/jamie/Downloads/PDCAssignmentPart2/src/part2/User.java</file>
            <file>file:/C:/Users/jamie/Downloads/PDCAssignmentPart2/src/part2/FilmTheatreApp.java</file>
            <file>file:/C:/Users/jamie/Downloads/PDCAssignmentPart2/src/part2/SignIn.java</file>
            <file>file:/C:/Users/jamie/Downloads/PDCAssignmentPart2/src/part2/SignUp.java</file>
        </group>
    </open-files>
</project-private>
